{
    "name": "root",
    "gauges": {
        "AIDriver.Policy.Entropy.mean": {
            "value": 1.4812976121902466,
            "min": 1.4762158393859863,
            "max": 1.4812976121902466,
            "count": 4
        },
        "AIDriver.Policy.Entropy.sum": {
            "value": 89011.171875,
            "min": 26160.939453125,
            "max": 89011.171875,
            "count": 4
        },
        "AIDriver.Step.mean": {
            "value": 4799945.0,
            "min": 4619948.0,
            "max": 4799945.0,
            "count": 4
        },
        "AIDriver.Step.sum": {
            "value": 4799945.0,
            "min": 4619948.0,
            "max": 4799945.0,
            "count": 4
        },
        "AIDriver.Policy.ExtrinsicValueEstimate.mean": {
            "value": 2.0198748111724854,
            "min": 0.9800045490264893,
            "max": 2.0198748111724854,
            "count": 4
        },
        "AIDriver.Policy.ExtrinsicValueEstimate.sum": {
            "value": 1914.84130859375,
            "min": 270.48126220703125,
            "max": 1914.84130859375,
            "count": 4
        },
        "AIDriver.Losses.PolicyLoss.mean": {
            "value": 0.020408090526827783,
            "min": 0.020408090526827783,
            "max": 0.025007783806705403,
            "count": 4
        },
        "AIDriver.Losses.PolicyLoss.sum": {
            "value": 0.16326472421462226,
            "min": 0.050015567613410805,
            "max": 0.1641311944972369,
            "count": 4
        },
        "AIDriver.Losses.ValueLoss.mean": {
            "value": 0.1634260636554765,
            "min": 0.14566497403342707,
            "max": 0.1896029416294325,
            "count": 4
        },
        "AIDriver.Losses.ValueLoss.sum": {
            "value": 1.307408509243812,
            "min": 0.35246340256361736,
            "max": 1.3272205914060276,
            "count": 4
        },
        "AIDriver.Policy.LearningRate.mean": {
            "value": 0.00022845810509730625,
            "min": 0.00022845810509730625,
            "max": 0.00023077758807414498,
            "count": 4
        },
        "AIDriver.Policy.LearningRate.sum": {
            "value": 0.00182766484077845,
            "min": 0.00046155517614828996,
            "max": 0.00182766484077845,
            "count": 4
        },
        "AIDriver.Policy.Epsilon.mean": {
            "value": 0.17615269375,
            "min": 0.17615269375,
            "max": 0.17692585500000002,
            "count": 4
        },
        "AIDriver.Policy.Epsilon.sum": {
            "value": 1.40922155,
            "min": 0.35385171000000004,
            "max": 1.40922155,
            "count": 4
        },
        "AIDriver.Policy.Beta.mean": {
            "value": 0.007617654105625001,
            "min": 0.007617654105625001,
            "max": 0.007694892914499999,
            "count": 4
        },
        "AIDriver.Policy.Beta.sum": {
            "value": 0.060941232845000005,
            "min": 0.015389785828999998,
            "max": 0.060941232845000005,
            "count": 4
        },
        "AIDriver.Environment.EpisodeLength.mean": {
            "value": 2598.7391304347825,
            "min": 2598.7391304347825,
            "max": 2814.6,
            "count": 4
        },
        "AIDriver.Environment.EpisodeLength.sum": {
            "value": 59771.0,
            "min": 14073.0,
            "max": 60359.0,
            "count": 4
        },
        "AIDriver.Environment.CumulativeReward.mean": {
            "value": 54.608695652173914,
            "min": 47.420000191777945,
            "max": 54.608695652173914,
            "count": 4
        },
        "AIDriver.Environment.CumulativeReward.sum": {
            "value": 1256.0,
            "min": 237.10000095888972,
            "max": 1256.0,
            "count": 4
        },
        "AIDriver.Policy.ExtrinsicReward.mean": {
            "value": 54.608695652173914,
            "min": 47.420000191777945,
            "max": 54.608695652173914,
            "count": 4
        },
        "AIDriver.Policy.ExtrinsicReward.sum": {
            "value": 1256.0,
            "min": 237.10000095888972,
            "max": 1256.0,
            "count": 4
        },
        "AIDriver.IsTraining.mean": {
            "value": 1.0,
            "min": 1.0,
            "max": 1.0,
            "count": 4
        },
        "AIDriver.IsTraining.sum": {
            "value": 1.0,
            "min": 1.0,
            "max": 1.0,
            "count": 4
        }
    },
    "metadata": {
        "timer_format_version": "0.1.0",
        "start_time_seconds": "1713308612",
        "python_version": "3.9.13 (tags/v3.9.13:6de2ca5, May 17 2022, 16:36:42) [MSC v.1929 64 bit (AMD64)]",
        "command_line_arguments": "C:\\Users\\o7\\Unity projects\\New folder\\Kansei\\venv\\Scripts\\mlagents-learn .\\config\\SimpleTrack.yaml --time-scale=1 --capture-frame-rate=0 --run-id=20 --resume",
        "mlagents_version": "0.30.0",
        "mlagents_envs_version": "0.30.0",
        "communication_protocol_version": "1.5.0",
        "pytorch_version": "2.0.1+cu118",
        "numpy_version": "1.21.2",
        "end_time_seconds": "1713309594"
    },
    "total": 981.7662329,
    "count": 1,
    "self": 0.005062699999939468,
    "children": {
        "run_training.setup": {
            "total": 0.0980970000000001,
            "count": 1,
            "self": 0.0980970000000001
        },
        "TrainerController.start_learning": {
            "total": 981.6630732,
            "count": 1,
            "self": 0.7963136999932203,
            "children": {
                "TrainerController._reset_env": {
                    "total": 7.1780763,
                    "count": 1,
                    "self": 7.1780763
                },
                "TrainerController.advance": {
                    "total": 973.5681063000069,
                    "count": 43788,
                    "self": 0.796666400006643,
                    "children": {
                        "env_step": {
                            "total": 907.3563608999989,
                            "count": 43788,
                            "self": 775.9935413000189,
                            "children": {
                                "SubprocessEnvManager._take_step": {
                                    "total": 130.84949549997742,
                                    "count": 43789,
                                    "self": 2.514897099990833,
                                    "children": {
                                        "TorchPolicy.evaluate": {
                                            "total": 128.3345983999866,
                                            "count": 43789,
                                            "self": 128.3345983999866
                                        }
                                    }
                                },
                                "workers": {
                                    "total": 0.5133241000025581,
                                    "count": 43787,
                                    "self": 0.0,
                                    "children": {
                                        "worker_root": {
                                            "total": 911.6148425999959,
                                            "count": 43787,
                                            "is_parallel": true,
                                            "self": 240.32305529999394,
                                            "children": {
                                                "steps_from_proto": {
                                                    "total": 0.001206100000000987,
                                                    "count": 2,
                                                    "is_parallel": true,
                                                    "self": 0.0003084999999938276,