{
    "name": "root",
    "gauges": {
        "AIDriver.Policy.Entropy.mean": {
            "value": 2.7530629634857178,
            "min": 1.417729139328003,
            "max": 2.753063201904297,
            "count": 5000
        },
        "AIDriver.Policy.Entropy.sum": {
            "value": 28155.57421875,
            "min": 13340.5791015625,
            "max": 28561.81640625,
            "count": 5000
        },
        "AIDriver.Step.mean": {
            "value": 49999941.0,
            "min": 9984.0,
            "max": 49999941.0,
            "count": 5000
        },
        "AIDriver.Step.sum": {
            "value": 49999941.0,
            "min": 9984.0,
            "max": 49999941.0,
            "count": 5000
        },
        "AIDriver.Policy.ExtrinsicValueEstimate.mean": {
            "value": -0.15524712204933167,
            "min": -0.24275977909564972,
            "max": 0.15795283019542694,
            "count": 5000
        },
        "AIDriver.Policy.ExtrinsicValueEstimate.sum": {
            "value": -24.218551635742188,
            "min": -38.91767120361328,
            "max": 24.640642166137695,
            "count": 5000
        },
        "AIDriver.IsTraining.mean": {
            "value": 1.0,
            "min": 1.0,
            "max": 1.0,
            "count": 5000
        },
        "AIDriver.IsTraining.sum": {
            "value": 1.0,
            "min": 1.0,
            "max": 1.0,
            "count": 5000
        },
        "AIDriver.Losses.PolicyLoss.mean": {
            "value": 0.0109358163511691,
            "min": 0.0058869145820305375,
            "max": 0.023517958250724606,
            "count": 2705
        },
        "AIDriver.Losses.PolicyLoss.sum": {
            "value": 0.0109358163511691,
            "min": 0.0058869145820305375,
            "max": 0.023517958250724606,
            "count": 2705
        },
        "AIDriver.Losses.ValueLoss.mean": {
            "value": 0.01943270613749822,
            "min": 1.9810019706609537e-06,
            "max": 0.07217969662613338,
            "count": 2705
        },
        "AIDriver.Losses.ValueLoss.sum": {
            "value": 0.01943270613749822,
            "min": 1.9810019706609537e-06,
            "max": 0.07217969662613338,
            "count": 2705
        },
        "AIDriver.Policy.LearningRate.mean": {
            "value": 2.7717990793984823e-08,
            "min": 2.7717990793984823e-08,
            "max": 0.000299887104037632,
            "count": 2705
        },
        "AIDriver.Policy.LearningRate.sum": {
            "value": 2.7717990793984823e-08,
            "min": 2.7717990793984823e-08,
            "max": 0.000299887104037632,
            "count": 2705
        },
        "AIDriver.Policy.Epsilon.mean": {
            "value": 0.100009206,
            "min": 0.100009206,
            "max": 0.199962368,
            "count": 2705
        },
        "AIDriver.Policy.Epsilon.sum": {
            "value": 0.100009206,
            "min": 0.100009206,
            "max": 0.199962368,
            "count": 2705
        },
        "AIDriver.Policy.Beta.mean": {
            "value": 0.005000000000000001,
            "min": 0.005000000000000001,
            "max": 0.005000000000000001,
            "count": 2705
        },
        "AIDriver.Policy.Beta.sum": {
            "value": 0.005000000000000001,
            "min": 0.005000000000000001,
            "max": 0.005000000000000001,
            "count": 2705
        },
        "AIDriver.Environment.EpisodeLength.mean": {
            "value": 3267.6666666666665,
            "min": 286.0,
            "max": 49999.0,
            "count": 3026
        },
        "AIDriver.Environment.EpisodeLength.sum": {
            "value": 9803.0,
            "min": 286.0,
            "max": 197974.0,
            "count": 3026
        },
        "AIDriver.Environment.CumulativeReward.mean": {
            "value": -5.9253333533803625,
            "min": -58.990000516176224,
            "max": -2.2769999876618385,
            "count": 3030
        },
        "AIDriver.Environment.CumulativeReward.sum": {
            "value": -17.776000060141087,
            "min": -221.92900597304106,
            "max": -2.2769999876618385,
            "count": 3030
        },
        "AIDriver.Policy.ExtrinsicReward.mean": {
            "value": -5.9253333533803625,
            "min": -58.990000516176224,
            "max": -2.2769999876618385,
            "count": 3030
        },
        "AIDriver.Policy.ExtrinsicReward.sum": {
            "value": -17.776000060141087,
            "min": -221.92900597304106,
            "max": -2.2769999876618385,
            "count": 3030
        }
    },
    "metadata": {
        "timer_format_version": "0.1.0",
        "start_time_seconds": "1713212720",
        "python_version": "3.9.13 (tags/v3.9.13:6de2ca5, May 17 2022, 16:36:42) [MSC v.1929 64 bit (AMD64)]",
        "command_line_arguments": "C:\\Users\\o7\\Unity projects\\New folder\\Kansei\\venv\\Scripts\\mlagents-learn .\\config\\SimpleTrack.yaml --run-id=6",
        "mlagents_version": "0.30.0",
        "mlagents_envs_version": "0.30.0",
        "communication_protocol_version": "1.5.0",
        "pytorch_version": "2.0.1+cu118",
        "numpy_version": "1.21.2",
        "end_time_seconds": "1713252979"
    },
    "total": 40258.946997299994,
    "count": 1,
    "self": 0.013691299995116424,
    "children": {
        "run_training.setup": {
            "total": 0.1020973000000005,
            "count": 1,
            "self": 0.1020973000000005
        },
        "TrainerController.start_learning": {
            "total": 40258.8312087,
            "count": 1,
            "self": 49.60247439848172,
            "children": {
                "TrainerController._reset_env": {
                    "total": 23.4516179,
                    "count": 1,
                    "self": 23.4516179
                },
                "TrainerController.advance": {
                    "total": 40185.73031890152,
                    "count": 2380993,
                    "self": 41.96756639616797,
                    "children": {
                        "env_step": {
                            "total": 26245.723067505176,
                            "count": 2380993,
                            "self": 21407.69538699896,
                            "children": {
                                "SubprocessEnvManager._take_step": {
                                    "total": 4810.034435703259,
                                    "count": 2380993,
                                    "self": 150.74804970297555,
                                    "children": {
                                        "TorchPolicy.evaluate": {
                                            "total": 4659.2863860002835,
                                            "count": 2380993,
                                            "self": 4659.2863860002835
                                        }
                                    }
                                },
                                "workers": {
                                    "total": 27.99324480295539,
                                    "count": 2380993,
                                    "self": 0.0,
                                    "children": {
                                        "worker_root": {
                                            "total": 40180.19847559759,
                                            "count": 2380993,
                                            "is_parallel": true,
                                            "self": 22018.946249296856,
                                            "children": {
                                                "steps_from_proto": {
                                                    "total": 0.004183399999998727,
                                                    "count": 1,
                                                    "is_parallel": true,