{
    "name": "root",
    "gauges": {
        "AIDriver.Policy.Entropy.mean": {
            "value": 1.4189393520355225,
            "min": 1.4189382791519165,
            "max": 1.4189393520355225,
            "count": 2
        },
        "AIDriver.Policy.Entropy.sum": {
            "value": 14075.87890625,
            "min": 14075.87890625,
            "max": 14529.927734375,
            "count": 2
        },
        "AIDriver.Step.mean": {
            "value": 19968.0,
            "min": 9984.0,
            "max": 19968.0,
            "count": 2
        },
        "AIDriver.Step.sum": {
            "value": 19968.0,
            "min": 9984.0,
            "max": 19968.0,
            "count": 2
        },
        "AIDriver.Policy.ExtrinsicValueEstimate.mean": {
            "value": -0.22877448797225952,
            "min": -0.22877448797225952,
            "max": -0.22691139578819275,
            "count": 2
        },
        "AIDriver.Policy.ExtrinsicValueEstimate.sum": {
            "value": -35.688819885253906,
            "min": -35.688819885253906,
            "max": -35.39817810058594,
            "count": 2
        },
        "AIDriver.IsTraining.mean": {
            "value": 1.0,
            "min": 1.0,
            "max": 1.0,
            "count": 2
        },
        "AIDriver.IsTraining.sum": {
            "value": 1.0,
            "min": 1.0,
            "max": 1.0,
            "count": 2
        },
        "AIDriver.Losses.PolicyLoss.mean": {
            "value": 0.01552102125949912,
            "min": 0.01552102125949912,
            "max": 0.01552102125949912,
            "count": 1
        },
        "AIDriver.Losses.PolicyLoss.sum": {
            "value": 0.01552102125949912,
            "min": 0.01552102125949912,
            "max": 0.01552102125949912,
            "count": 1
        },
        "AIDriver.Losses.ValueLoss.mean": {
            "value": 0.005177074435373975,
            "min": 0.005177074435373975,
            "max": 0.005177074435373975,
            "count": 1
        },
        "AIDriver.Losses.ValueLoss.sum": {
            "value": 0.005177074435373975,
            "min": 0.005177074435373975,
            "max": 0.005177074435373975,
            "count": 1
        },
        "AIDriver.Policy.LearningRate.mean": {
            "value": 0.00019925760037119996,
            "min": 0.00019925760037119996,
            "max": 0.00019925760037119996,
            "count": 1
        },
        "AIDriver.Policy.LearningRate.sum": {
            "value": 0.00019925760037119996,
            "min": 0.00019925760037119996,
            "max": 0.00019925760037119996,
            "count": 1
        },
        "AIDriver.Policy.Epsilon.mean": {
            "value": 0.19962880000000002,
            "min": 0.19962880000000002,
            "max": 0.19962880000000002,
            "count": 1
        },
        "AIDriver.Policy.Epsilon.sum": {
            "value": 0.19962880000000002,
            "min": 0.19962880000000002,
            "max": 0.19962880000000002,
            "count": 1
        },
        "AIDriver.Policy.Beta.mean": {
            "value": 0.005000000000000001,
            "min": 0.005000000000000001,
            "max": 0.005000000000000001,
            "count": 1
        },
        "AIDriver.Policy.Beta.sum": {
            "value": 0.005000000000000001,
            "min": 0.005000000000000001,
            "max": 0.005000000000000001,
            "count": 1
        }
    },
    "metadata": {
        "timer_format_version": "0.1.0",
        "start_time_seconds": "1713282132",
        "python_version": "3.9.13 (tags/v3.9.13:6de2ca5, May 17 2022, 16:36:42) [MSC v.1929 64 bit (AMD64)]",
        "command_line_arguments": "C:\\Users\\o7\\Unity projects\\New folder\\Kansei\\venv\\Scripts\\mlagents-learn .\\config\\SimpleTrack.yaml --run-id=12 --force",
        "mlagents_version": "0.30.0",
        "mlagents_envs_version": "0.30.0",
        "communication_protocol_version": "1.5.0",
        "pytorch_version": "2.0.1+cu118",
        "numpy_version": "1.21.2",
        "end_time_seconds": "1713282260"
    },
    "total": 128.3335897,
    "count": 1,
    "self": 0.0068646000000001095,
    "children": {
        "run_training.setup": {
            "total": 0.09818440000000006,
            "count": 1,
            "self": 0.09818440000000006
        },
        "TrainerController.start_learning": {
            "total": 128.2285407,
            "count": 1,
            "self": 0.10668180000016037,
            "children": {
                "TrainerController._reset_env": {
                    "total": 12.6959486,
                    "count": 1,
                    "self": 12.6959486
                },
                "TrainerController.advance": {
                    "total": 115.13242929999984,
                    "count": 5851,
                    "self": 0.10520669999961285,
                    "children": {
                        "env_step": {
                            "total": 108.84857489999978,
                            "count": 5851,
                            "self": 97.6573533999996,
                            "children": {
                                "SubprocessEnvManager._take_step": {
                                    "total": 11.122697499999774,
                                    "count": 5851,
                                    "self": 0.35602339999942245,
                                    "children": {
                                        "TorchPolicy.evaluate": {
                                            "total": 10.766674100000351,
                                            "count": 5851,
                                            "self": 10.766674100000351
                                        }
                                    }
                                },
                                "workers": {
                                    "total": 0.06852400000040326,
                                    "count": 5850,
                                    "self": 0.0,
                                    "children": {
                                        "worker_root": {
                                            "total": 52.01601649999975,
                                            "count": 5850,
                                            "is_parallel": true,
                                            "self": 23.454411899999798,
                                            "children": {
                                                "steps_from_proto": {
                                                    "total": 0.004165000000000418,
                                                    "count": 1,
                                                    "is_parallel": true,
                                                    "self": 0.00021130000000191274,
                                                    "children": {
                                                        "_process_rank_one_or_two_observation": {
                                                            "total": 0.003953699999998506,
                                                            "count": 6,
                                                            "is_parallel": true,
                                                            "self": 0.003953699999998506
                                                        }
                                                    }
                                                },
                                                "UnityEnvironment.step": {
                                                    "total": 28.557439599999952,
                                                    "count": 5850,
                                                    "is_parallel": true,
                                                    "self": 0.6233375999989192,