{
    "name": "root",
    "gauges": {
        "AIDriver.Policy.Entropy.mean": {
            "value": 1.4104435443878174,
            "min": 1.4104435443878174,
            "max": 1.4189382791519165,
            "count": 5
        },
        "AIDriver.Policy.Entropy.sum": {
            "value": 14073.40625,
            "min": 14073.40625,
            "max": 14257.4921875,
            "count": 5
        },
        "AIDriver.Step.mean": {
            "value": 49970.0,
            "min": 9984.0,
            "max": 49970.0,
            "count": 5
        },
        "AIDriver.Step.sum": {
            "value": 49970.0,
            "min": 9984.0,
            "max": 49970.0,
            "count": 5
        },
        "AIDriver.Policy.ExtrinsicValueEstimate.mean": {
            "value": -0.08238514512777328,
            "min": -0.0990530252456665,
            "max": -0.08158929646015167,
            "count": 5
        },
        "AIDriver.Policy.ExtrinsicValueEstimate.sum": {
            "value": -12.852083206176758,
            "min": -15.452272415161133,
            "max": -12.727930068969727,
            "count": 5
        },
        "AIDriver.Policy.GailValueEstimate.mean": {
            "value": 3.8142106533050537,
            "min": -0.024695158004760742,
            "max": 3.8142106533050537,
            "count": 5
        },
        "AIDriver.Policy.GailValueEstimate.sum": {
            "value": 595.016845703125,
            "min": -3.852444648742676,
            "max": 595.016845703125,
            "count": 5
        },
        "AIDriver.IsTraining.mean": {
            "value": 1.0,
            "min": 1.0,
            "max": 1.0,
            "count": 5
        },
        "AIDriver.IsTraining.sum": {
            "value": 1.0,
            "min": 1.0,
            "max": 1.0,
            "count": 5
        },
        "AIDriver.Losses.PolicyLoss.mean": {
            "value": 0.018848724948475136,
            "min": 0.018848724948475136,
            "max": 0.026801080679676185,
            "count": 4
        },
        "AIDriver.Losses.PolicyLoss.sum": {
            "value": 0.018848724948475136,
            "min": 0.018848724948475136,
            "max": 0.026801080679676185,
            "count": 4
        },
        "AIDriver.Losses.ValueLoss.mean": {
            "value": 9.09484699567159,
            "min": 9.09484699567159,
            "max": 33.9972785949707,
            "count": 4
        },
        "AIDriver.Losses.ValueLoss.sum": {
            "value": 9.09484699567159,
            "min": 9.09484699567159,
            "max": 33.9972785949707,
            "count": 4
        },
        "AIDriver.Policy.LearningRate.mean": {
            "value": 0.00018351680824160003,
            "min": 0.00018351680824160003,
            "max": 0.00019587840206079993,
            "count": 4
        },
        "AIDriver.Policy.LearningRate.sum": {
            "value": 0.00018351680824160003,
            "min": 0.00018351680824160003,
            "max": 0.00019587840206079993,
            "count": 4
        },
        "AIDriver.Policy.Epsilon.mean": {
            "value": 0.19175840000000005,
            "min": 0.19175840000000005,
            "max": 0.1979392000000001,
            "count": 4
        },
        "AIDriver.Policy.Epsilon.sum": {
            "value": 0.19175840000000005,
            "min": 0.19175840000000005,
            "max": 0.1979392000000001,
            "count": 4
        },
        "AIDriver.Policy.Beta.mean": {
            "value": 0.005000000000000001,
            "min": 0.005000000000000001,
            "max": 0.005000000000000001,
            "count": 4
        },
        "AIDriver.Policy.Beta.sum": {
            "value": 0.005000000000000001,
            "min": 0.005000000000000001,
            "max": 0.005000000000000001,
            "count": 4
        },
        "AIDriver.Policy.GAILPolicyEstimate.mean": {
            "value": 0.35049277941385903,
            "min": 0.35049277941385903,
            "max": 0.49580592612425484,
            "count": 4
        },
        "AIDriver.Policy.GAILPolicyEstimate.sum": {
            "value": 0.35049277941385903,
            "min": 0.35049277941385903,
            "max": 0.49580592612425484,
            "count": 4
        },
        "AIDriver.Policy.GAILExpertEstimate.mean": {
            "value": 0.7033319473266602,
            "min": 0.6386381467183431,
            "max": 0.7368479053179423,
            "count": 4
        },
        "AIDriver.Policy.GAILExpertEstimate.sum": {
            "value": 0.7033319473266602,
            "min": 0.6386381467183431,
            "max": 0.7368479053179423,
            "count": 4
        },
        "AIDriver.Losses.GAILLoss.mean": {
            "value": 0.8095100343227386,
            "min": 0.8095100343227386,
            "max": 1.147240368525187,
            "count": 4
        },
        "AIDriver.Losses.GAILLoss.sum": {
            "value": 0.8095100343227386,
            "min": 0.8095100343227386,
            "max": 1.147240368525187,
            "count": 4
        },
        "AIDriver.Policy.GAILGradMagLoss.mean": {
            "value": 0.6839622333645821,
            "min": 0.6839622333645821,
            "max": 9.29127442042033,
            "count": 4
        },
        "AIDriver.Policy.GAILGradMagLoss.sum": {
            "value": 0.6839622333645821,
            "min": 0.6839622333645821,
            "max": 9.29127442042033,
            "count": 4
        },
        "AIDriver.Losses.PretrainingLoss.mean": {
            "value": 1.263542069329156,
            "min": 1.263542069329156,
            "max": 1.6850709451569452,
            "count": 4
        },
        "AIDriver.Losses.PretrainingLoss.sum": {
            "value": 1.263542069329156,
            "min": 1.263542069329156,
            "max": 1.6850709451569452,
            "count": 4
        },
        "AIDriver.Environment.EpisodeLength.mean": {
            "value": 18937.0,
            "min": 18937.0,
            "max": 23671.0,
            "count": 2
        },
        "AIDriver.Environment.EpisodeLength.sum": {
            "value": 18937.0,
            "min": 18937.0,
            "max": 23671.0,
            "count": 2
        },
        "AIDriver.Environment.CumulativeReward.mean": {
            "value": -16.92800084501505,
            "min": -21.662000976502895,
            "max": -16.92800084501505,
            "count": 2
        },
        "AIDriver.Environment.CumulativeReward.sum": {
            "value": -16.92800084501505,
            "min": -21.662000976502895,
            "max": -16.92800084501505,
            "count": 2
        },
        "AIDriver.Policy.ExtrinsicReward.mean": {
            "value": -16.92800084501505,
            "min": -21.662000976502895,
            "max": -16.92800084501505,
            "count": 2
        },
        "AIDriver.Policy.ExtrinsicReward.sum": {
            "value": -16.92800084501505,
            "min": -21.662000976502895,
            "max": -16.92800084501505,
            "count": 2
        },
        "AIDriver.Policy.GailReward.mean": {
            "value": 4585.753284454346,
            "min": 4585.753284454346,
            "max": 7811.519130706787,
            "count": 2
        },
        "AIDriver.Policy.GailReward.sum": {
            "value": 4585.753284454346,
            "min": 4585.753284454346,
            "max": 7811.519130706787,
            "count": 2
        }
    },
    "metadata": {
        "timer_format_version": "0.1.0",
        "start_time_seconds": "1713190164",
        "python_version": "3.9.13 (tags/v3.9.13:6de2ca5, May 17 2022, 16:36:42) [MSC v.1929 64 bit (AMD64)]",
        "command_line_arguments": "C:\\Users\\o7\\Unity projects\\New folder\\Kansei\\venv\\Scripts\\mlagents-learn .\\config\\SimpleTrackDemoed.yaml --run-id=2 --force",
        "mlagents_version": "0.30.0",
        "mlagents_envs_version": "0.30.0",
        "communication_protocol_version": "1.5.0",
        "pytorch_version": "2.0.1+cu118",