{
    "name": "root",
    "gauges": {
        "AIDriver.Policy.Entropy.mean": {
            "value": 1.4173692464828491,
            "min": 1.4142094850540161,
            "max": 1.418938398361206,
            "count": 19
        },
        "AIDriver.Policy.Entropy.sum": {
            "value": 14176.52734375,
            "min": 13738.76953125,
            "max": 14711.552734375,
            "count": 19
        },
        "AIDriver.Step.mean": {
            "value": 189955.0,
            "min": 9984.0,
            "max": 189955.0,
            "count": 19
        },
        "AIDriver.Step.sum": {
            "value": 189955.0,
            "min": 9984.0,
            "max": 189955.0,
            "count": 19
        },
        "AIDriver.Policy.ExtrinsicValueEstimate.mean": {
            "value": 0.37405991554260254,
            "min": -0.0015894698444753885,
            "max": 0.8170709609985352,
            "count": 19
        },
        "AIDriver.Policy.ExtrinsicValueEstimate.sum": {
            "value": 62.84206771850586,
            "min": -0.2479572892189026,
            "max": 127.46307373046875,
            "count": 19
        },
        "AIDriver.IsTraining.mean": {
            "value": 1.0,
            "min": 1.0,
            "max": 1.0,
            "count": 19
        },
        "AIDriver.IsTraining.sum": {
            "value": 1.0,
            "min": 1.0,
            "max": 1.0,
            "count": 19
        },
        "AIDriver.Losses.PolicyLoss.mean": {
            "value": 0.008454012980615112,
            "min": 0.008454012980615112,
            "max": 0.016752038409726486,
            "count": 10
        },
        "AIDriver.Losses.PolicyLoss.sum": {
            "value": 0.008454012980615112,
            "min": 0.008454012980615112,
            "max": 0.016752038409726486,
            "count": 10
        },
        "AIDriver.Losses.ValueLoss.mean": {
            "value": 0.11332355191310246,
            "min": 0.01060287043866184,
            "max": 0.11332355191310246,
            "count": 10
        },
        "AIDriver.Losses.ValueLoss.sum": {
            "value": 0.11332355191310246,
            "min": 0.01060287043866184,
            "max": 0.11332355191310246,
            "count": 10
        },
        "AIDriver.Policy.LearningRate.mean": {
            "value": 0.00028883328372224,
            "min": 0.00028883328372224,
            "max": 0.00029887104037632005,
            "count": 10
        },
        "AIDriver.Policy.LearningRate.sum": {
            "value": 0.00028883328372224,
            "min": 0.00028883328372224,
            "max": 0.00029887104037632005,
            "count": 10
        },
        "AIDriver.Policy.Epsilon.mean": {
            "value": 0.19627776000000002,
            "min": 0.19627776000000002,
            "max": 0.19962368000000005,
            "count": 10
        },
        "AIDriver.Policy.Epsilon.sum": {
            "value": 0.19627776000000002,
            "min": 0.19627776000000002,
            "max": 0.19962368000000005,
            "count": 10
        },
        "AIDriver.Policy.Beta.mean": {
            "value": 0.005000000000000001,
            "min": 0.005000000000000001,
            "max": 0.005000000000000001,
            "count": 10
        },
        "AIDriver.Policy.Beta.sum": {
            "value": 0.005000000000000001,
            "min": 0.005000000000000001,
            "max": 0.005000000000000001,
            "count": 10
        },
        "AIDriver.Environment.EpisodeLength.mean": {
            "value": 471.04761904761904,
            "min": 461.9,
            "max": 9999.0,
            "count": 10
        },
        "AIDriver.Environment.EpisodeLength.sum": {
            "value": 9892.0,
            "min": 5691.0,
            "max": 59994.0,
            "count": 10
        },
        "AIDriver.Environment.CumulativeReward.mean": {
            "value": 2.3709523811758983,
            "min": -39.12599817626178,
            "max": 2.39000000115484,
            "count": 11
        },
        "AIDriver.Environment.CumulativeReward.sum": {
            "value": 49.790000004693866,
            "min": -195.6299908813089,
            "max": 49.790000004693866,
            "count": 11
        },
        "AIDriver.Policy.ExtrinsicReward.mean": {
            "value": 2.3709523811758983,
            "min": -39.12599817626178,
            "max": 2.39000000115484,
            "count": 11
        },
        "AIDriver.Policy.ExtrinsicReward.sum": {
            "value": 49.790000004693866,
            "min": -195.6299908813089,
            "max": 49.790000004693866,
            "count": 11
        }
    },
    "metadata": {
        "timer_format_version": "0.1.0",
        "start_time_seconds": "1713280132",
        "python_version": "3.9.13 (tags/v3.9.13:6de2ca5, May 17 2022, 16:36:42) [MSC v.1929 64 bit (AMD64)]",
        "command_line_arguments": "C:\\Users\\o7\\Unity projects\\New folder\\Kansei\\venv\\Scripts\\mlagents-learn .\\config\\SimpleTrack.yaml --run-id=9",
        "mlagents_version": "0.30.0",
        "mlagents_envs_version": "0.30.0",
        "communication_protocol_version": "1.5.0",
        "pytorch_version": "2.0.1+cu118",
        "numpy_version": "1.21.2",
        "end_time_seconds": "1713280457"
    },
    "total": 325.08861609999997,
    "count": 1,
    "self": 0.005865099999937229,
    "children": {
        "run_training.setup": {
            "total": 0.09692519999999982,
            "count": 1,
            "self": 0.09692519999999982
        },
        "TrainerController.start_learning": {
            "total": 324.98582580000004,
            "count": 1,
            "self": 0.5948599999996986,
            "children": {
                "TrainerController._reset_env": {
                    "total": 8.5269981,
                    "count": 1,
                    "self": 8.5269981
                },
                "TrainerController.advance": {
                    "total": 315.7504336000003,
                    "count": 32401,
                    "self": 0.5775995000033731,
                    "children": {
                        "env_step": {
                            "total": 264.41527279999735,
                            "count": 32401,
                            "self": 205.3174194999967,
                            "children": {
                                "SubprocessEnvManager._take_step": {
                                    "total": 58.7163408999989,
                                    "count": 32401,
                                    "self": 1.9322678000005808,
                                    "children": {
                                        "TorchPolicy.evaluate": {
                                            "total": 56.78407309999832,
                                            "count": 32401,
                                            "self": 56.78407309999832
                                        }
                                    }
                                },
                                "workers": {
                                    "total": 0.38151240000174447,
                                    "count": 32400,
                                    "self": 0.0,
                                    "children": {
                                        "worker_root": {
                                            "total": 311.56035479999986,
                                            "count": 32400,
                                            "is_parallel": true,
                                            "self": 142.42668820000134,
                                            "children": {
                                                "steps_from_proto": {
                                                    "total": 0.0007070999999996275,
                                                    "count": 1,
                                                    "is_parallel": true,