{"count":1,"self":26.3286128,"total":26.5663749,"children":{"InitializeActuators":{"count":1,"self":0.0027029999999999997,"total":0.0027029999999999997,"children":null},"InitializeSensors":{"count":1,"self":0.0020442,"total":0.0020442,"children":null},"AgentSendState":{"count":994,"self":0.1802995,"total":0.21191739999999998,"children":{"CollectObservations":{"count":994,"self":0.0111008,"total":0.0111008,"children":null},"WriteActionMask":{"count":994,"self":0.0030491999999999997,"total":0.0030491999999999997,"children":null},"RequestDecision":{"count":994,"self":0.009253299999999999,"total":0.017467899999999998,"children":{"RayPerceptionSensor.Perceive":{"count":2982,"self":0.008214599999999999,"total":0.008214599999999999,"children":null}}}}},"DecideAction":{"count":994,"self":0.012173999999999999,"total":0.012173999999999999,"children":null},"AgentAct":{"count":994,"self":0.0068378,"total":0.0068378,"children":null}},"gauges":{},"metadata":{"timer_format_version":"0.1.0","start_time_seconds":"1713446930","unity_version":"2021.3.24f1","command_line_arguments":"C:\\Program Files\\Unity\\Hub\\Editor\\2021.3.24f1\\Editor\\Unity.exe -projectpath C:\\Users\\e\\Documents\\GitHub\\Kansei -useHub -hubIPC -cloudEnvironment production -licensingIpc LicenseClient-Ek_aGYxPjTjDUlGsLGcjL -hubSessionId 26ccedc0-faf5-11ee-bb52-07d4e98535d2","communication_protocol_version":"1.5.0","com.unity.ml-agents_version":"2.0.1","scene_name":"Touge","end_time_seconds":"1713446956"}}