{
    "name": "root",
    "metadata": {
        "timer_format_version": "0.1.0",
        "start_time_seconds": "1713462719",
        "python_version": "3.9.13 (tags/v3.9.13:6de2ca5, May 17 2022, 16:36:42) [MSC v.1929 64 bit (AMD64)]",
        "command_line_arguments": "C:\\Users\\o7\\Unity projects\\New folder\\Kansei\\venv\\Scripts\\mlagents-learn --force",
        "mlagents_version": "0.30.0",
        "mlagents_envs_version": "0.30.0",
        "communication_protocol_version": "1.5.0",
        "pytorch_version": "2.0.1+cu118",
        "numpy_version": "1.21.2",
        "end_time_seconds": "1713462794"
    },
    "total": 75.2403755,
    "count": 1,
    "self": 0.00481090000000961,
    "children": {
        "run_training.setup": {
            "total": 0.027134300000000167,
            "count": 1,
            "self": 0.027134300000000167
        },
        "TrainerController.start_learning": {
            "total": 75.20843029999999,
            "count": 1,
            "self": 0.012761699999956022,
            "children": {
                "TrainerController._reset_env": {
                    "total": 7.730415000000001,
                    "count": 1,
                    "self": 7.730415000000001
                },
                "TrainerController.advance": {
                    "total": 67.35339160000002,
                    "count": 734,
                    "self": 0.012244100000046387,
                    "children": {
                        "env_step": {
                            "total": 67.26738089999998,
                            "count": 734,
                            "self": 66.12388310000003,
                            "children": {
                                "SubprocessEnvManager._take_step": {
                                    "total": 1.1362922999999636,
                                    "count": 734,
                                    "self": 0.04058749999994937,
                                    "children": {
                                        "TorchPolicy.evaluate": {
                                            "total": 1.0957048000000142,
                                            "count": 734,
                                            "self": 1.0957048000000142
                                        }
                                    }
                                },
                                "workers": {
                                    "total": 0.007205499999981768,
                                    "count": 733,
                                    "self": 0.0,
                                    "children": {
                                        "worker_root": {
                                            "total": 4.595797100000008,
                                            "count": 733,
                                            "is_parallel": true,
                                            "self": 1.933989800000015,
                                            "children": {
                                                "steps_from_proto": {
                                                    "total": 0.0003364000000001255,
                                                    "count": 1,
                                                    "is_parallel": true,
                                                    "self": 0.00010049999999939274,
                                                    "children": {
                                                        "_process_rank_one_or_two_observation": {
                                                            "total": 0.00023590000000073275,
                                                            "count": 6,
                                                            "is_parallel": true,
                                                            "self": 0.00023590000000073275
                                                        }
                                                    }
                                                },
                                                "UnityEnvironment.step": {
                                                    "total": 2.661470899999993,
                                                    "count": 733,
                                                    "is_parallel": true,
                                                    "self": 0.050264100000045886,
                                                    "children": {
                                                        "UnityEnvironment._generate_step_input": {
                                                            "total": 0.04239009999998622,
                                                            "count": 733,
                                                            "is_parallel": true,
                                                            "self": 0.04239009999998622
                                                        },
                                                        "communicator.exchange": {
                                                            "total": 2.3811024999999777,
                                                            "count": 733,
                                                            "is_parallel": true,
                                                            "self": 2.3811024999999777
                                                        },
                                                        "steps_from_proto": {
                                                            "total": 0.1877141999999834,
                                                            "count": 733,
                                                            "is_parallel": true,
                                                            "self": 0.0696398000000844,
                                                            "children": {
                                                                "_process_rank_one_or_two_observation": {
                                                                    "total": 0.118074399999899,
                                                                    "count": 4398,
                                                                    "is_parallel": true,
                                                                    "self": 0.118074399999899
                                                                }
                                                            }
                                                        }
                                                    }
                                                }
                                            }
                                        }
                                    }
                                }
                            }
                        },
                        "trainer_advance": {
                            "total": 0.07376660000000435,
                            "count": 733,
                            "self": 0.014740400000054166,
                            "children": {
                                "process_trajectory": {
                                    "total": 0.05902619999995018,
                                    "count": 733,
                                    "self": 0.05902619999995018
                                }
                            }
                        }
                    }
                },
                "TrainerController._save_models": {
                    "total": 0.11186200000000213,
                    "count": 1,
                    "self": 0.0013150999999993473,
                    "children": {
                        "RLTrainer._checkpoint": {
                            "total": 0.11054690000000278,
                            "count": 1,