{
    "name": "root",
    "metadata": {
        "timer_format_version": "0.1.0",
        "start_time_seconds": "1713112104",
        "python_version": "3.8.0 (tags/v3.8.0:fa919fd, Oct 14 2019, 19:37:50) [MSC v.1916 64 bit (AMD64)]",
        "command_line_arguments": "C:\\Users\\o7\\Unity projects\\New folder\\Kansei\\venv\\Scripts\\mlagents-learn config/SimpleTrackDemoed.yaml --force --time-scale 1",
        "mlagents_version": "0.29.0",
        "mlagents_envs_version": "0.29.0",
        "communication_protocol_version": "1.5.0",
        "pytorch_version": "2.2.2+cu121",
        "numpy_version": "1.21.2",
        "end_time_seconds": "1713112111"
    },
    "total": 6.4575116,
    "count": 1,
    "self": 0.014346699999999046,
    "children": {
        "run_training.setup": {
            "total": 0.1049490000000004,
            "count": 1,
            "self": 0.1049490000000004
        },
        "TrainerController.start_learning": {
            "total": 6.338215900000001,
            "count": 1,
            "self": 8.390000000257913e-05,
            "children": {
                "TrainerController._reset_env": {
                    "total": 6.336014499999999,
                    "count": 1,
                    "self": 6.335830999999999,
                    "children": {
                        "demo_to_buffer": {
                            "total": 0.00018350000000033617,
                            "count": 1,
                            "self": 1.550000000172247e-05,
                            "children": {
                                "load_demonstration": {
                                    "total": 0.0001679999999986137,
                                    "count": 1,
                                    "self": 0.0001679999999986137
                                }
                            }
                        }
                    }
                },
                "TrainerController._save_models": {
                    "total": 0.002117499999998884,
                    "count": 1,
                    "self": 0.00032589999999821373,
                    "children": {
                        "RLTrainer._checkpoint": {
                            "total": 0.0017916000000006704,
                            "count": 1,
                            "self": 0.0017916000000006704
                        }
                    }
                }
            }
        }
    }
}