{
    "name": "root",
    "metadata": {
        "timer_format_version": "0.1.0",
        "start_time_seconds": "1713186317",
        "python_version": "3.9.13 (tags/v3.9.13:6de2ca5, May 17 2022, 16:36:42) [MSC v.1929 64 bit (AMD64)]",
        "command_line_arguments": "C:\\Users\\o7\\Unity projects\\New folder\\Kansei\\venv\\Scripts\\mlagents-learn --force",
        "mlagents_version": "0.30.0",
        "mlagents_envs_version": "0.30.0",
        "communication_protocol_version": "1.5.0",
        "pytorch_version": "2.0.1+cu118",
        "numpy_version": "1.21.2",
        "end_time_seconds": "1713186377"
    },
    "total": 60.0062577,
    "count": 1,
    "self": 10.005303299999994,
    "children": {
        "run_training.setup": {
            "total": 0.026423000000000307,
            "count": 1,
            "self": 0.026423000000000307
        },
        "TrainerController.start_learning": {
            "total": 49.974531400000004,
            "count": 1,
            "self": 0.13175530000005153,
            "children": {
                "TrainerController._reset_env": {
                    "total": 7.8092914,
                    "count": 1,
                    "self": 7.8092914
                },
                "TrainerController.advance": {
                    "total": 41.91711029999995,
                    "count": 7451,
                    "self": 0.1265345999999994,
                    "children": {
                        "env_step": {
                            "total": 41.02606209999987,
                            "count": 7451,
                            "self": 29.748221499999957,
                            "children": {
                                "SubprocessEnvManager._take_step": {
                                    "total": 11.19684479999999,
                                    "count": 7451,
                                    "self": 0.39628030000023706,
                                    "children": {
                                        "TorchPolicy.evaluate": {
                                            "total": 10.800564499999753,
                                            "count": 7451,
                                            "self": 10.800564499999753
                                        }
                                    }
                                },
                                "workers": {
                                    "total": 0.08099579999992201,
                                    "count": 7450,
                                    "self": 0.0,
                                    "children": {
                                        "worker_root": {
                                            "total": 39.71551309999991,
                                            "count": 7450,
                                            "is_parallel": true,
                                            "self": 18.32274070000002,
                                            "children": {
                                                "steps_from_proto": {
                                                    "total": 0.0006468000000001695,
                                                    "count": 1,
                                                    "is_parallel": true,
                                                    "self": 0.00032500000000013074,
                                                    "children": {
                                                        "_process_rank_one_or_two_observation": {
                                                            "total": 0.0003218000000000387,
                                                            "count": 6,
                                                            "is_parallel": true,
                                                            "self": 0.0003218000000000387
                                                        }
                                                    }
                                                },
                                                "UnityEnvironment.step": {
                                                    "total": 21.392125599999893,
                                                    "count": 7450,
                                                    "is_parallel": true,
                                                    "self": 0.4928288000005523,
                                                    "children": {
                                                        "UnityEnvironment._generate_step_input": {
                                                            "total": 0.42402249999966646,
                                                            "count": 7450,
                                                            "is_parallel": true,
                                                            "self": 0.42402249999966646
                                                        },
                                                        "communicator.exchange": {
                                                            "total": 18.63534449999941,
                                                            "count": 7450,
                                                            "is_parallel": true,
                                                            "self": 18.63534449999941
                                                        },
                                                        "steps_from_proto": {
                                                            "total": 1.8399298000002666,
                                                            "count": 7450,
                                                            "is_parallel": true,
                                                            "self": 0.6778100999999177,
                                                            "children": {
                                                                "_process_rank_one_or_two_observation": {
                                                                    "total": 1.162119700000349,
                                                                    "count": 44700,
                                                                    "is_parallel": true,
                                                                    "self": 1.162119700000349
                                                                }
                                                            }
                                                        }
                                                    }
                                                }
                                            }
                                        }
                                    }
                                }
                            }
                        },
                        "trainer_advance": {
                            "total": 0.7645136000000772,
                            "count": 7450,
                            "self": 0.1531745999999412,
                            "children": {
                                "process_trajectory": {
                                    "total": 0.611339000000136,
                                    "count": 7450,
                                    "self": 0.611339000000136
                                }
                            }
                        }
                    }
                },
                "trainer_threads": {
                    "total": 1.300000000981072e-06,
                    "count": 1,
                    "self": 1.300000000981072e-06
                },
                "TrainerController._save_models": {
                    "total": 0.11637310000000411,
                    "count": 1,
                    "self": 0.0016200000000097248,