{
    "name": "root",
    "gauges": {
        "AIDriver.Policy.Entropy.mean": {
            "value": 3.585376262664795,
            "min": 3.582836866378784,
            "max": 3.5889854431152344,
            "count": 5
        },
        "AIDriver.Policy.Entropy.sum": {
            "value": 72281.1875,
            "min": 16853.6640625,
            "max": 73689.046875,
            "count": 5
        },
        "AIDriver.Step.mean": {
            "value": 13979974.0,
            "min": 13899968.0,
            "max": 13979974.0,
            "count": 5
        },
        "AIDriver.Step.sum": {
            "value": 13979974.0,
            "min": 13899968.0,
            "max": 13979974.0,
            "count": 5
        },
        "AIDriver.Policy.ExtrinsicValueEstimate.mean": {
            "value": 126.6154556274414,
            "min": 117.48626708984375,
            "max": 127.79074096679688,
            "count": 5
        },
        "AIDriver.Policy.ExtrinsicValueEstimate.sum": {
            "value": 44062.1796875,
            "min": 9456.5146484375,
            "max": 44062.1796875,
            "count": 5
        },
        "AIDriver.Environment.EpisodeLength.mean": {
            "value": 346.51666666666665,
            "min": 138.86666666666667,
            "max": 346.51666666666665,
            "count": 5
        },
        "AIDriver.Environment.EpisodeLength.sum": {
            "value": 20791.0,
            "min": 2083.0,
            "max": 20791.0,
            "count": 5
        },
        "AIDriver.Environment.CumulativeReward.mean": {
            "value": 621.5227161109448,
            "min": 227.32001781463623,
            "max": 621.5227161109448,
            "count": 5
        },
        "AIDriver.Environment.CumulativeReward.sum": {
            "value": 37291.362966656685,
            "min": 3409.8002672195435,
            "max": 37291.362966656685,
            "count": 5
        },
        "AIDriver.Policy.ExtrinsicReward.mean": {
            "value": 621.5227161109448,
            "min": 227.32001781463623,
            "max": 621.5227161109448,
            "count": 5
        },
        "AIDriver.Policy.ExtrinsicReward.sum": {
            "value": 37291.362966656685,
            "min": 3409.8002672195435,
            "max": 37291.362966656685,
            "count": 5
        },
        "AIDriver.IsTraining.mean": {
            "value": 1.0,
            "min": 1.0,
            "max": 1.0,
            "count": 5
        },
        "AIDriver.IsTraining.sum": {
            "value": 1.0,
            "min": 1.0,
            "max": 1.0,
            "count": 5
        },
        "AIDriver.Losses.PolicyLoss.mean": {
            "value": 0.022746558136714157,
            "min": 0.019610539436689577,
            "max": 0.026791458801987272,
            "count": 4
        },
        "AIDriver.Losses.PolicyLoss.sum": {
            "value": 0.045493116273428315,
            "min": 0.03922107887337915,
            "max": 0.053582917603974545,
            "count": 4
        },
        "AIDriver.Losses.ValueLoss.mean": {
            "value": 34.76712837219238,
            "min": 34.76712837219238,
            "max": 63.63811340332032,
            "count": 4
        },
        "AIDriver.Losses.ValueLoss.sum": {
            "value": 69.53425674438476,
            "min": 69.53425674438476,
            "max": 127.27622680664064,
            "count": 4
        },
        "AIDriver.Policy.LearningRate.mean": {
            "value": 0.0020000000000000005,
            "min": 0.0020000000000000005,
            "max": 0.0020000000000000005,
            "count": 4
        },
        "AIDriver.Policy.LearningRate.sum": {
            "value": 0.004000000000000001,
            "min": 0.004000000000000001,
            "max": 0.004000000000000001,
            "count": 4
        },
        "AIDriver.Policy.Epsilon.mean": {
            "value": 0.30000000000000004,
            "min": 0.30000000000000004,
            "max": 0.30000000000000004,
            "count": 4
        },
        "AIDriver.Policy.Epsilon.sum": {
            "value": 0.6000000000000001,
            "min": 0.6000000000000001,
            "max": 0.6000000000000001,
            "count": 4
        },
        "AIDriver.Policy.Beta.mean": {
            "value": 0.010000000000000002,
            "min": 0.010000000000000002,
            "max": 0.010000000000000002,
            "count": 4
        },
        "AIDriver.Policy.Beta.sum": {
            "value": 0.020000000000000004,
            "min": 0.020000000000000004,
            "max": 0.020000000000000004,
            "count": 4
        }
    },
    "metadata": {
        "timer_format_version": "0.1.0",
        "start_time_seconds": "1713633607",
        "python_version": "3.9.13 (tags/v3.9.13:6de2ca5, May 17 2022, 16:36:42) [MSC v.1929 64 bit (AMD64)]",
        "command_line_arguments": "C:\\Users\\o7\\Unity projects\\New folder\\Kansei\\venv\\Scripts\\mlagents-learn .\\config\\SimpleTrack.yaml --time-scale=1 --capture-frame-rate=0 --run-id=50 --resume",
        "mlagents_version": "0.30.0",
        "mlagents_envs_version": "0.30.0",
        "communication_protocol_version": "1.5.0",
        "pytorch_version": "2.0.1+cu118",
        "numpy_version": "1.21.2",
        "end_time_seconds": "1713633853"
    },
    "total": 245.9027492,
    "count": 1,
    "self": 0.004771199999993314,
    "children": {
        "run_training.setup": {
            "total": 0.09564970000000006,
            "count": 1,
            "self": 0.09564970000000006
        },
        "TrainerController.start_learning": {
            "total": 245.8023283,
            "count": 1,
            "self": 0.13639269999978865,
            "children": {
                "TrainerController._reset_env": {
                    "total": 5.9179200000000005,
                    "count": 1,
                    "self": 5.9179200000000005
                },
                "TrainerController.advance": {
                    "total": 239.63857010000018,
                    "count": 7307,
                    "self": 0.12698480000173618,
                    "children": {
                        "env_step": {
                            "total": 215.9721196999988,
                            "count": 7307,
                            "self": 199.0711127000011,
                            "children": {
                                "SubprocessEnvManager._take_step": {
                                    "total": 16.81965919999923,
                                    "count": 7308,
                                    "self": 0.42649390000023146,
                                    "children": {
                                        "TorchPolicy.evaluate": {
                                            "total": 16.393165299998998,
                                            "count": 7308,
                                            "self": 16.393165299998998
                                        }
                                    }
                                },
                                "workers": {
                                    "total": 0.08134779999849329,
                                    "count": 7306,
                                    "self": 0.0,
                                    "children": {
                                        "worker_root": {
                                            "total": 160.16106680000004,
                                            "count": 7306,
                                            "is_parallel": true,
                                            "self": 48.937809900000545,
                                            "children": {
                                                "steps_from_proto": {
                                                    "total": 0.0010494000000003112,
                                                    "count": 2,
                                                    "is_parallel": true,