{
    "name": "root",
    "metadata": {
        "timer_format_version": "0.1.0",
        "start_time_seconds": "1713351029",
        "python_version": "3.9.13 (tags/v3.9.13:6de2ca5, May 17 2022, 16:36:42) [MSC v.1929 64 bit (AMD64)]",
        "command_line_arguments": "C:\\Users\\o7\\Unity projects\\New folder\\Kansei\\venv\\Scripts\\mlagents-learn .\\config\\SimpleTrack.yaml --time-scale=1 --capture-frame-rate=0 --run-id=20 --resume",
        "mlagents_version": "0.30.0",
        "mlagents_envs_version": "0.30.0",
        "communication_protocol_version": "1.5.0",
        "pytorch_version": "2.0.1+cu118",
        "numpy_version": "1.21.2",
        "end_time_seconds": "1713351060"
    },
    "total": 30.431891900000004,
    "count": 1,
    "self": 0.011568000000000467,
    "children": {
        "run_training.setup": {
            "total": 0.13338890000000037,
            "count": 1,
            "self": 0.13338890000000037
        },
        "TrainerController.start_learning": {
            "total": 30.286935000000003,
            "count": 1,
            "self": 0.01287430000003198,
            "children": {
                "TrainerController._reset_env": {
                    "total": 9.947726600000001,
                    "count": 1,
                    "self": 9.947726600000001
                },
                "TrainerController.advance": {
                    "total": 20.188990299999976,
                    "count": 704,
                    "self": 0.013023099999909249,
                    "children": {
                        "env_step": {
                            "total": 18.509746300000042,
                            "count": 704,
                            "self": 17.25257309999995,
                            "children": {
                                "SubprocessEnvManager._take_step": {
                                    "total": 1.2489980000000287,
                                    "count": 704,
                                    "self": 0.046793899999999056,
                                    "children": {
                                        "TorchPolicy.evaluate": {
                                            "total": 1.2022041000000296,
                                            "count": 704,
                                            "self": 1.2022041000000296
                                        }
                                    }
                                },
                                "workers": {
                                    "total": 0.008175200000062333,
                                    "count": 704,
                                    "self": 0.0,
                                    "children": {
                                        "worker_root": {
                                            "total": 19.285504400000015,
                                            "count": 704,
                                            "is_parallel": true,
                                            "self": 2.8803933999999956,
                                            "children": {
                                                "steps_from_proto": {
                                                    "total": 0.0007992000000012212,
                                                    "count": 1,
                                                    "is_parallel": true,
                                                    "self": 0.00020009999999892614,
                                                    "children": {
                                                        "_process_rank_one_or_two_observation": {
                                                            "total": 0.000599100000002295,
                                                            "count": 8,
                                                            "is_parallel": true,
                                                            "self": 0.000599100000002295
                                                        }
                                                    }
                                                },
                                                "UnityEnvironment.step": {
                                                    "total": 16.404311800000016,
                                                    "count": 704,
                                                    "is_parallel": true,
                                                    "self": 0.1398112000000964,
                                                    "children": {
                                                        "UnityEnvironment._generate_step_input": {
                                                            "total": 0.13168849999995658,
                                                            "count": 704,
                                                            "is_parallel": true,
                                                            "self": 0.13168849999995658
                                                        },
                                                        "communicator.exchange": {
                                                            "total": 15.758257999999964,
                                                            "count": 704,
                                                            "is_parallel": true,
                                                            "self": 15.758257999999964
                                                        },
                                                        "steps_from_proto": {
                                                            "total": 0.3745540999999992,
                                                            "count": 704,
                                                            "is_parallel": true,
                                                            "self": 0.08622319999998851,
                                                            "children": {
                                                                "_process_rank_one_or_two_observation": {
                                                                    "total": 0.2883309000000107,
                                                                    "count": 5632,
                                                                    "is_parallel": true,
                                                                    "self": 0.2883309000000107
                                                                }
                                                            }
                                                        }
                                                    }
                                                }
                                            }
                                        }
                                    }
                                }
                            }
                        },
                        "trainer_advance": {
                            "total": 1.6662209000000257,
                            "count": 704,
                            "self": 0.014645600000042336,
                            "children": {
                                "process_trajectory": {
                                    "total": 0.6825873999999885,
                                    "count": 704,
                                    "self": 0.6825873999999885
                                },
                                "_update_policy": {
                                    "total": 0.9689878999999948,
                                    "count": 1,
                                    "self": 0.45911719999999434,
                                    "children": {
                                        "TorchPPOOptimizer.update": {
                                            "total": 0.5098707000000005,
                                            "count": 1,