{
    "name": "root",
    "gauges": {
        "AIDriver.Policy.Entropy.mean": {
            "value": 1.457802653312683,
            "min": 1.4562647342681885,
            "max": 1.457802653312683,
            "count": 2
        },
        "AIDriver.Policy.Entropy.sum": {
            "value": 87788.875,
            "min": 6524.06591796875,
            "max": 87788.875,
            "count": 2
        },
        "AIDriver.Step.mean": {
            "value": 11279939.0,
            "min": 11219977.0,
            "max": 11279939.0,
            "count": 2
        },
        "AIDriver.Step.sum": {
            "value": 11279939.0,
            "min": 11219977.0,
            "max": 11279939.0,
            "count": 2
        },
        "AIDriver.Policy.ExtrinsicValueEstimate.mean": {
            "value": -1.6721893548965454,
            "min": -1.6721893548965454,
            "max": 2.8342764377593994,
            "count": 2
        },
        "AIDriver.Policy.ExtrinsicValueEstimate.sum": {
            "value": -1603.629638671875,
            "min": -1603.629638671875,
            "max": 195.56507873535156,
            "count": 2
        },
        "AIDriver.IsTraining.mean": {
            "value": 1.0,
            "min": 1.0,
            "max": 1.0,
            "count": 2
        },
        "AIDriver.IsTraining.sum": {
            "value": 1.0,
            "min": 1.0,
            "max": 1.0,
            "count": 2
        },
        "AIDriver.Environment.EpisodeLength.mean": {
            "value": 1073.078431372549,
            "min": 1073.078431372549,
            "max": 1073.078431372549,
            "count": 1
        },
        "AIDriver.Environment.EpisodeLength.sum": {
            "value": 54727.0,
            "min": 54727.0,
            "max": 54727.0,
            "count": 1
        },
        "AIDriver.Environment.CumulativeReward.mean": {
            "value": -82.69372500625312,
            "min": -82.69372500625312,
            "max": -82.69372500625312,
            "count": 1
        },
        "AIDriver.Environment.CumulativeReward.sum": {
            "value": -4217.379975318909,
            "min": -4217.379975318909,
            "max": -4217.379975318909,
            "count": 1
        },
        "AIDriver.Policy.ExtrinsicReward.mean": {
            "value": -82.69372500625312,
            "min": -82.69372500625312,
            "max": -82.69372500625312,
            "count": 1
        },
        "AIDriver.Policy.ExtrinsicReward.sum": {
            "value": -4217.379975318909,
            "min": -4217.379975318909,
            "max": -4217.379975318909,
            "count": 1
        },
        "AIDriver.Losses.PolicyLoss.mean": {
            "value": 0.022181311508618472,
            "min": 0.022181311508618472,
            "max": 0.022181311508618472,
            "count": 1
        },
        "AIDriver.Losses.PolicyLoss.sum": {
            "value": 0.15526918056032932,
            "min": 0.15526918056032932,
            "max": 0.15526918056032932,
            "count": 1
        },
        "AIDriver.Losses.ValueLoss.mean": {
            "value": 4.893144419100009,
            "min": 4.893144419100009,
            "max": 4.893144419100009,
            "count": 1
        },
        "AIDriver.Losses.ValueLoss.sum": {
            "value": 34.25201093370006,
            "min": 34.25201093370006,
            "max": 34.25201093370006,
            "count": 1
        },
        "AIDriver.Policy.LearningRate.mean": {
            "value": 0.00013127531409872357,
            "min": 0.00013127531409872357,
            "max": 0.00013127531409872357,
            "count": 1
        },
        "AIDriver.Policy.LearningRate.sum": {
            "value": 0.0009189271986910651,
            "min": 0.0009189271986910651,
            "max": 0.0009189271986910651,
            "count": 1
        },
        "AIDriver.Policy.Epsilon.mean": {
            "value": 0.14375841928571428,
            "min": 0.14375841928571428,
            "max": 0.14375841928571428,
            "count": 1
        },
        "AIDriver.Policy.Epsilon.sum": {
            "value": 1.006308935,
            "min": 1.006308935,
            "max": 1.006308935,
            "count": 1
        },
        "AIDriver.Policy.Beta.mean": {
            "value": 0.0043814660866428575,
            "min": 0.0043814660866428575,
            "max": 0.0043814660866428575,
            "count": 1
        },
        "AIDriver.Policy.Beta.sum": {
            "value": 0.030670262606500003,
            "min": 0.030670262606500003,
            "max": 0.030670262606500003,
            "count": 1
        }
    },
    "metadata": {
        "timer_format_version": "0.1.0",
        "start_time_seconds": "1713337450",
        "python_version": "3.9.13 (tags/v3.9.13:6de2ca5, May 17 2022, 16:36:42) [MSC v.1929 64 bit (AMD64)]",
        "command_line_arguments": "C:\\Users\\o7\\Unity projects\\New folder\\Kansei\\venv\\Scripts\\mlagents-learn .\\config\\SimpleTrack.yaml --time-scale=1 --capture-frame-rate=0 --run-id=20 --resume",
        "mlagents_version": "0.30.0",
        "mlagents_envs_version": "0.30.0",
        "communication_protocol_version": "1.5.0",
        "pytorch_version": "2.0.1+cu118",
        "numpy_version": "1.21.2",
        "end_time_seconds": "1713337696"
    },
    "total": 245.6301483,
    "count": 1,
    "self": 0.005382599999990134,
    "children": {
        "run_training.setup": {
            "total": 0.09856569999999998,
            "count": 1,
            "self": 0.09856569999999998
        },
        "TrainerController.start_learning": {
            "total": 245.52620000000002,
            "count": 1,
            "self": 0.15140010000109783,
            "children": {
                "TrainerController._reset_env": {
                    "total": 10.475006400000002,
                    "count": 1,
                    "self": 10.475006400000002
                },
                "TrainerController.advance": {
                    "total": 233.9891802999989,
                    "count": 7735,
                    "self": 0.13975099999700547,
                    "children": {
                        "env_step": {
                            "total": 209.4575432000011,
                            "count": 7735,
                            "self": 184.89673630000027,
                            "children": {
                                "SubprocessEnvManager._take_step": {
                                    "total": 24.467063000000188,
                                    "count": 7735,
                                    "self": 0.49581659999907046,
                                    "children": {
                                        "TorchPolicy.evaluate": {
                                            "total": 23.971246400001117,
                                            "count": 7735,
                                            "self": 23.971246400001117
                                        }
                                    }
                                },
                                "workers": {
                                    "total": 0.09374390000064281,
                                    "count": 7734,
                                    "self": 0.0,
                                    "children": {
                                        "worker_root": {
                                            "total": 169.96253300000186,
                                            "count": 7734,
                                            "is_parallel": true,
                                            "self": 58.39066510000302,
                                            "children": {
                                                "steps_from_proto": {
                                                    "total": 0.004874499999999671,
                                                    "count": 1,
                                                    "is_parallel": true,