{
    "name": "root",
    "gauges": {
        "AIDriver.Policy.Entropy.mean": {
            "value": 1.54897940158844,
            "min": 1.4189382791519165,
            "max": 1.54897940158844,
            "count": 134
        },
        "AIDriver.Policy.Entropy.sum": {
            "value": 15841.412109375,
            "min": 13350.3701171875,
            "max": 15912.44921875,
            "count": 134
        },
        "AIDriver.Step.mean": {
            "value": 1339995.0,
            "min": 9984.0,
            "max": 1339995.0,
            "count": 134
        },
        "AIDriver.Step.sum": {
            "value": 1339995.0,
            "min": 9984.0,
            "max": 1339995.0,
            "count": 134
        },
        "AIDriver.Policy.ExtrinsicValueEstimate.mean": {
            "value": -0.0974128469824791,
            "min": -0.11818105727434158,
            "max": 0.06402897089719772,
            "count": 134
        },
        "AIDriver.Policy.ExtrinsicValueEstimate.sum": {
            "value": -15.683467864990234,
            "min": -18.672607421875,
            "max": 9.988519668579102,
            "count": 134
        },
        "AIDriver.IsTraining.mean": {
            "value": 1.0,
            "min": 1.0,
            "max": 1.0,
            "count": 134
        },
        "AIDriver.IsTraining.sum": {
            "value": 1.0,
            "min": 1.0,
            "max": 1.0,
            "count": 134
        },
        "AIDriver.Losses.PolicyLoss.mean": {
            "value": 0.01250851339298404,
            "min": 0.006824875140510913,
            "max": 0.020900537466837302,
            "count": 71
        },
        "AIDriver.Losses.PolicyLoss.sum": {
            "value": 0.01250851339298404,
            "min": 0.006824875140510913,
            "max": 0.020900537466837302,
            "count": 71
        },
        "AIDriver.Losses.ValueLoss.mean": {
            "value": 0.0038724718356711995,
            "min": 3.3093489453979905e-06,
            "max": 0.06569141149520874,
            "count": 71
        },
        "AIDriver.Losses.ValueLoss.sum": {
            "value": 0.0038724718356711995,
            "min": 3.3093489453979905e-06,
            "max": 0.06569141149520874,
            "count": 71
        },
        "AIDriver.Policy.LearningRate.mean": {
            "value": 0.00029404770648808003,
            "min": 0.00029404770648808003,
            "max": 0.00039849472037632006,
            "count": 71
        },
        "AIDriver.Policy.LearningRate.sum": {
            "value": 0.00029404770648808003,
            "min": 0.00029404770648808003,
            "max": 0.00039849472037632006,
            "count": 71
        },
        "AIDriver.Policy.Epsilon.mean": {
            "value": 0.17351192000000001,
            "min": 0.17351192000000001,
            "max": 0.19962368000000005,
            "count": 71
        },
        "AIDriver.Policy.Epsilon.sum": {
            "value": 0.17351192000000001,
            "min": 0.17351192000000001,
            "max": 0.19962368000000005,
            "count": 71
        },
        "AIDriver.Policy.Beta.mean": {
            "value": 0.008,
            "min": 0.008,
            "max": 0.008,
            "count": 71
        },
        "AIDriver.Policy.Beta.sum": {
            "value": 0.008,
            "min": 0.008,
            "max": 0.008,
            "count": 71
        },
        "AIDriver.Environment.EpisodeLength.mean": {
            "value": 2766.6666666666665,
            "min": 608.0,
            "max": 35999.0,
            "count": 62
        },
        "AIDriver.Environment.EpisodeLength.sum": {
            "value": 16600.0,
            "min": 1016.0,
            "max": 107906.0,
            "count": 62
        },
        "AIDriver.Environment.CumulativeReward.mean": {
            "value": -2.0,
            "min": -10.0,
            "max": -2.0,
            "count": 63
        },
        "AIDriver.Environment.CumulativeReward.sum": {
            "value": -12.0,
            "min": -38.0,
            "max": -2.0,
            "count": 63
        },
        "AIDriver.Policy.ExtrinsicReward.mean": {
            "value": -2.0,
            "min": -10.0,
            "max": -2.0,
            "count": 63
        },
        "AIDriver.Policy.ExtrinsicReward.sum": {
            "value": -12.0,
            "min": -38.0,
            "max": -2.0,
            "count": 63
        }
    },
    "metadata": {
        "timer_format_version": "0.1.0",
        "start_time_seconds": "1713203795",
        "python_version": "3.9.13 (tags/v3.9.13:6de2ca5, May 17 2022, 16:36:42) [MSC v.1929 64 bit (AMD64)]",
        "command_line_arguments": "C:\\Users\\o7\\Unity projects\\New folder\\Kansei\\venv\\Scripts\\mlagents-learn .\\config\\SimpleTrack.yaml --run-id=5",
        "mlagents_version": "0.30.0",
        "mlagents_envs_version": "0.30.0",
        "communication_protocol_version": "1.5.0",
        "pytorch_version": "2.0.1+cu118",
        "numpy_version": "1.21.2",
        "end_time_seconds": "1713204903"
    },
    "total": 1107.3777271,
    "count": 1,
    "self": 0.0054775000000972796,
    "children": {
        "run_training.setup": {
            "total": 0.09253399999999967,
            "count": 1,
            "self": 0.09253399999999967
        },
        "TrainerController.start_learning": {
            "total": 1107.2797156,
            "count": 1,
            "self": 1.1930683999976281,
            "children": {
                "TrainerController._reset_env": {
                    "total": 7.1720354,
                    "count": 1,
                    "self": 7.1720354
                },
                "TrainerController.advance": {
                    "total": 1098.8639189000023,
                    "count": 64201,
                    "self": 1.1030512000252202,
                    "children": {
                        "env_step": {
                            "total": 740.322869399986,
                            "count": 64201,
                            "self": 593.9947067000023,
                            "children": {
                                "SubprocessEnvManager._take_step": {
                                    "total": 145.57423799998608,
                                    "count": 64201,
                                    "self": 4.197741999995571,
                                    "children": {
                                        "TorchPolicy.evaluate": {
                                            "total": 141.3764959999905,
                                            "count": 64201,
                                            "self": 141.3764959999905
                                        }
                                    }
                                },
                                "workers": {
                                    "total": 0.7539246999975617,
                                    "count": 64200,
                                    "self": 0.0,
                                    "children": {
                                        "worker_root": {
                                            "total": 1076.6788752999998,
                                            "count": 64200,
                                            "is_parallel": true,
                                            "self": 591.8179265000064,
                                            "children": {
                                                "steps_from_proto": {
                                                    "total": 0.000616299999999903,
                                                    "count": 1,
                                                    "is_parallel": true,
                                                    "self": 0.00012169999999933623,