{
    "name": "root",
    "gauges": {
        "AIDriver.Policy.Entropy.mean": {
            "value": 1.4339426755905151,
            "min": 1.4189382791519165,
            "max": 1.434137225151062,
            "count": 37
        },
        "AIDriver.Policy.Entropy.sum": {
            "value": 14416.859375,
            "min": 13985.064453125,
            "max": 15048.609375,
            "count": 37
        },
        "AIDriver.Step.mean": {
            "value": 369974.0,
            "min": 9984.0,
            "max": 369974.0,
            "count": 37
        },
        "AIDriver.Step.sum": {
            "value": 369974.0,
            "min": 9984.0,
            "max": 369974.0,
            "count": 37
        },
        "AIDriver.Policy.ExtrinsicValueEstimate.mean": {
            "value": 0.11901088804006577,
            "min": 0.015035757794976234,
            "max": 0.12081495672464371,
            "count": 37
        },
        "AIDriver.Policy.ExtrinsicValueEstimate.sum": {
            "value": 19.398775100708008,
            "min": 2.4207570552825928,
            "max": 19.398775100708008,
            "count": 37
        },
        "AIDriver.IsTraining.mean": {
            "value": 1.0,
            "min": 1.0,
            "max": 1.0,
            "count": 37
        },
        "AIDriver.IsTraining.sum": {
            "value": 1.0,
            "min": 1.0,
            "max": 1.0,
            "count": 37
        },
        "AIDriver.Losses.PolicyLoss.mean": {
            "value": 0.011869533297916254,
            "min": 0.008148052053810615,
            "max": 0.017938656577219565,
            "count": 19
        },
        "AIDriver.Losses.PolicyLoss.sum": {
            "value": 0.011869533297916254,
            "min": 0.008148052053810615,
            "max": 0.017938656577219565,
            "count": 19
        },
        "AIDriver.Losses.ValueLoss.mean": {
            "value": 0.024764855081836384,
            "min": 0.0030533275049593714,
            "max": 0.024764855081836384,
            "count": 19
        },
        "AIDriver.Losses.ValueLoss.sum": {
            "value": 0.024764855081836384,
            "min": 0.0030533275049593714,
            "max": 0.024764855081836384,
            "count": 19
        },
        "AIDriver.Policy.LearningRate.mean": {
            "value": 0.0002785554071482,
            "min": 0.0002785554071482,
            "max": 0.00029885952038016003,
            "count": 19
        },
        "AIDriver.Policy.LearningRate.sum": {
            "value": 0.0002785554071482,
            "min": 0.0002785554071482,
            "max": 0.00029885952038016003,
            "count": 19
        },
        "AIDriver.Policy.Epsilon.mean": {
            "value": 0.19285180000000002,
            "min": 0.19285180000000002,
            "max": 0.19961984000000002,
            "count": 19
        },
        "AIDriver.Policy.Epsilon.sum": {
            "value": 0.19285180000000002,
            "min": 0.19285180000000002,
            "max": 0.19961984000000002,
            "count": 19
        },
        "AIDriver.Policy.Beta.mean": {
            "value": 0.005000000000000001,
            "min": 0.005000000000000001,
            "max": 0.005000000000000001,
            "count": 19
        },
        "AIDriver.Policy.Beta.sum": {
            "value": 0.005000000000000001,
            "min": 0.005000000000000001,
            "max": 0.005000000000000001,
            "count": 19
        },
        "AIDriver.Environment.EpisodeLength.mean": {
            "value": 2063.181818181818,
            "min": 2063.181818181818,
            "max": 9998.0,
            "count": 11
        },
        "AIDriver.Environment.EpisodeLength.sum": {
            "value": 22695.0,
            "min": 2142.0,
            "max": 109978.0,
            "count": 11
        },
        "AIDriver.Environment.CumulativeReward.mean": {
            "value": 2.090909090909091,
            "min": 1.6666666666666667,
            "max": 6.090909090909091,
            "count": 11
        },
        "AIDriver.Environment.CumulativeReward.sum": {
            "value": 23.0,
            "min": 2.0,
            "max": 67.0,
            "count": 11
        },
        "AIDriver.Policy.ExtrinsicReward.mean": {
            "value": 2.090909090909091,
            "min": 1.6666666666666667,
            "max": 6.090909090909091,
            "count": 11
        },
        "AIDriver.Policy.ExtrinsicReward.sum": {
            "value": 23.0,
            "min": 2.0,
            "max": 67.0,
            "count": 11
        }
    },
    "metadata": {
        "timer_format_version": "0.1.0",
        "start_time_seconds": "1713278480",
        "python_version": "3.9.13 (tags/v3.9.13:6de2ca5, May 17 2022, 16:36:42) [MSC v.1929 64 bit (AMD64)]",
        "command_line_arguments": "C:\\Users\\o7\\Unity projects\\New folder\\Kansei\\venv\\Scripts\\mlagents-learn .\\config\\SimpleTrack.yaml --run-id=7 --force",
        "mlagents_version": "0.30.0",
        "mlagents_envs_version": "0.30.0",
        "communication_protocol_version": "1.5.0",
        "pytorch_version": "2.0.1+cu118",
        "numpy_version": "1.21.2",
        "end_time_seconds": "1713279090"
    },
    "total": 609.5002249,
    "count": 1,
    "self": 0.007914700000014818,
    "children": {
        "run_training.setup": {
            "total": 0.11463789999999996,
            "count": 1,
            "self": 0.11463789999999996
        },
        "TrainerController.start_learning": {
            "total": 609.3776723,
            "count": 1,
            "self": 0.6993807000000061,
            "children": {
                "TrainerController._reset_env": {
                    "total": 19.3642907,
                    "count": 1,
                    "self": 19.3642907
                },
                "TrainerController.advance": {
                    "total": 589.1776940999999,
                    "count": 34217,
                    "self": 0.6824296000021377,
                    "children": {
                        "env_step": {
                            "total": 473.80135909999996,
                            "count": 34217,
                            "self": 381.4677826999949,
                            "children": {
                                "SubprocessEnvManager._take_step": {
                                    "total": 91.89437500000028,
                                    "count": 34218,
                                    "self": 2.7668450000014246,
                                    "children": {
                                        "TorchPolicy.evaluate": {
                                            "total": 89.12752999999886,
                                            "count": 34218,
                                            "self": 89.12752999999886
                                        }
                                    }
                                },
                                "workers": {
                                    "total": 0.43920140000471974,
                                    "count": 34216,
                                    "self": 0.0,
                                    "children": {
                                        "worker_root": {
                                            "total": 564.1083387999975,
                                            "count": 34216,
                                            "is_parallel": true,
                                            "self": 251.47736829999604,
                                            "children": {
                                                "steps_from_proto": {
                                                    "total": 0.0010455000000000325,
                                                    "count": 2,
                                                    "is_parallel": true,
                                                    "self": 0.00024289999999993483,