{
    "name": "root",
    "gauges": {
        "AIDriver.Policy.Entropy.mean": {
            "value": 1.4276975393295288,
            "min": 1.418938398361206,
            "max": 1.4276975393295288,
            "count": 31
        },
        "AIDriver.Policy.Entropy.sum": {
            "value": 14237.0,
            "min": 13771.716796875,
            "max": 14753.603515625,
            "count": 31
        },
        "AIDriver.Step.mean": {
            "value": 309942.0,
            "min": 9984.0,
            "max": 309942.0,
            "count": 31
        },
        "AIDriver.Step.sum": {
            "value": 309942.0,
            "min": 9984.0,
            "max": 309942.0,
            "count": 31
        },
        "AIDriver.Policy.ExtrinsicValueEstimate.mean": {
            "value": 0.08379568159580231,
            "min": 0.043267857283353806,
            "max": 0.21645896136760712,
            "count": 31
        },
        "AIDriver.Policy.ExtrinsicValueEstimate.sum": {
            "value": 13.155921936035156,
            "min": 6.79305362701416,
            "max": 33.76759719848633,
            "count": 31
        },
        "AIDriver.IsTraining.mean": {
            "value": 1.0,
            "min": 1.0,
            "max": 1.0,
            "count": 31
        },
        "AIDriver.IsTraining.sum": {
            "value": 1.0,
            "min": 1.0,
            "max": 1.0,
            "count": 31
        },
        "AIDriver.Losses.PolicyLoss.mean": {
            "value": 0.015128510706644092,
            "min": 0.010094162479314642,
            "max": 0.015128510706644092,
            "count": 16
        },
        "AIDriver.Losses.PolicyLoss.sum": {
            "value": 0.015128510706644092,
            "min": 0.010094162479314642,
            "max": 0.015128510706644092,
            "count": 16
        },
        "AIDriver.Losses.ValueLoss.mean": {
            "value": 0.014161958773103025,
            "min": 9.589209973152417e-05,
            "max": 0.014161958773103025,
            "count": 16
        },
        "AIDriver.Losses.ValueLoss.sum": {
            "value": 0.014161958773103025,
            "min": 9.589209973152417e-05,
            "max": 0.014161958773103025,
            "count": 16
        },
        "AIDriver.Policy.LearningRate.mean": {
            "value": 0.00028202730599089995,
            "min": 0.00028202730599089995,
            "max": 0.00029887104037632005,
            "count": 16
        },
        "AIDriver.Policy.LearningRate.sum": {
            "value": 0.00028202730599089995,
            "min": 0.00028202730599089995,
            "max": 0.00029887104037632005,
            "count": 16
        },
        "AIDriver.Policy.Epsilon.mean": {
            "value": 0.19400910000000005,
            "min": 0.19400910000000005,
            "max": 0.19962368000000005,
            "count": 16
        },
        "AIDriver.Policy.Epsilon.sum": {
            "value": 0.19400910000000005,
            "min": 0.19400910000000005,
            "max": 0.19962368000000005,
            "count": 16
        },
        "AIDriver.Policy.Beta.mean": {
            "value": 0.005000000000000001,
            "min": 0.005000000000000001,
            "max": 0.005000000000000001,
            "count": 16
        },
        "AIDriver.Policy.Beta.sum": {
            "value": 0.005000000000000001,
            "min": 0.005000000000000001,
            "max": 0.005000000000000001,
            "count": 16
        },
        "AIDriver.Environment.EpisodeLength.mean": {
            "value": 2376.6666666666665,
            "min": 2376.6666666666665,
            "max": 9999.0,
            "count": 7
        },
        "AIDriver.Environment.EpisodeLength.sum": {
            "value": 7130.0,
            "min": 7130.0,
            "max": 59994.0,
            "count": 7
        },
        "AIDriver.Environment.CumulativeReward.mean": {
            "value": 2.0,
            "min": 2.0,
            "max": 3.0,
            "count": 11
        },
        "AIDriver.Environment.CumulativeReward.sum": {
            "value": 6.0,
            "min": 2.0,
            "max": 15.0,
            "count": 11
        },
        "AIDriver.Policy.ExtrinsicReward.mean": {
            "value": 2.0,
            "min": 2.0,
            "max": 3.0,
            "count": 11
        },
        "AIDriver.Policy.ExtrinsicReward.sum": {
            "value": 6.0,
            "min": 2.0,
            "max": 15.0,
            "count": 11
        }
    },
    "metadata": {
        "timer_format_version": "0.1.0",
        "start_time_seconds": "1713280664",
        "python_version": "3.9.13 (tags/v3.9.13:6de2ca5, May 17 2022, 16:36:42) [MSC v.1929 64 bit (AMD64)]",
        "command_line_arguments": "C:\\Users\\o7\\Unity projects\\New folder\\Kansei\\venv\\Scripts\\mlagents-learn .\\config\\SimpleTrack.yaml --run-id=10",
        "mlagents_version": "0.30.0",
        "mlagents_envs_version": "0.30.0",
        "communication_protocol_version": "1.5.0",
        "pytorch_version": "2.0.1+cu118",
        "numpy_version": "1.21.2",
        "end_time_seconds": "1713281247"
    },
    "total": 582.7586756000001,
    "count": 1,
    "self": 0.005058200000007673,
    "children": {
        "run_training.setup": {
            "total": 0.09126560000000028,
            "count": 1,
            "self": 0.09126560000000028
        },
        "TrainerController.start_learning": {
            "total": 582.6623518,
            "count": 1,
            "self": 0.9609547000023895,
            "children": {
                "TrainerController._reset_env": {
                    "total": 9.6413965,
                    "count": 1,
                    "self": 9.6413965
                },
                "TrainerController.advance": {
                    "total": 571.6263139999976,
                    "count": 53034,
                    "self": 0.9290495999957784,
                    "children": {
                        "env_step": {
                            "total": 487.9143283000003,
                            "count": 53034,
                            "self": 390.1203873000021,
                            "children": {
                                "SubprocessEnvManager._take_step": {
                                    "total": 97.18083400000152,
                                    "count": 53034,
                                    "self": 3.0305117000007016,
                                    "children": {
                                        "TorchPolicy.evaluate": {
                                            "total": 94.15032230000082,
                                            "count": 53034,
                                            "self": 94.15032230000082
                                        }
                                    }
                                },
                                "workers": {
                                    "total": 0.6131069999966599,
                                    "count": 53033,
                                    "self": 0.0,
                                    "children": {
                                        "worker_root": {
                                            "total": 508.72932289999903,
                                            "count": 53033,
                                            "is_parallel": true,
                                            "self": 233.62640739999745,
                                            "children": {
                                                "steps_from_proto": {
                                                    "total": 0.0007684999999995057,
                                                    "count": 1,
                                                    "is_parallel": true,
                                                    "self": 0.00018739999999795032,