{
    "name": "root",
    "gauges": {
        "AIDriver.Policy.Entropy.mean": {
            "value": 1.4231841564178467,
            "min": 1.4189382791519165,
            "max": 1.4284456968307495,
            "count": 46
        },
        "AIDriver.Policy.Entropy.sum": {
            "value": 14431.087890625,
            "min": 14047.0986328125,
            "max": 14891.7578125,
            "count": 46
        },
        "AIDriver.Step.mean": {
            "value": 459975.0,
            "min": 9984.0,
            "max": 459975.0,
            "count": 46
        },
        "AIDriver.Step.sum": {
            "value": 459975.0,
            "min": 9984.0,
            "max": 459975.0,
            "count": 46
        },
        "AIDriver.Policy.ExtrinsicValueEstimate.mean": {
            "value": 0.5883583426475525,
            "min": -0.11954624950885773,
            "max": 1.3736817836761475,
            "count": 46
        },
        "AIDriver.Policy.ExtrinsicValueEstimate.sum": {
            "value": 92.37226104736328,
            "min": -18.768760681152344,
            "max": 226.65748596191406,
            "count": 46
        },
        "AIDriver.IsTraining.mean": {
            "value": 1.0,
            "min": 1.0,
            "max": 1.0,
            "count": 46
        },
        "AIDriver.IsTraining.sum": {
            "value": 1.0,
            "min": 1.0,
            "max": 1.0,
            "count": 46
        },
        "AIDriver.Losses.PolicyLoss.mean": {
            "value": 0.012514245347119868,
            "min": 0.007363399428059993,
            "max": 0.018070713461687166,
            "count": 24
        },
        "AIDriver.Losses.PolicyLoss.sum": {
            "value": 0.012514245347119868,
            "min": 0.007363399428059993,
            "max": 0.018070713461687166,
            "count": 24
        },
        "AIDriver.Losses.ValueLoss.mean": {
            "value": 0.037877348355121084,
            "min": 0.0043553138255245155,
            "max": 0.22452090266678068,
            "count": 24
        },
        "AIDriver.Losses.ValueLoss.sum": {
            "value": 0.037877348355121084,
            "min": 0.0043553138255245155,
            "max": 0.22452090266678068,
            "count": 24
        },
        "AIDriver.Policy.LearningRate.mean": {
            "value": 0.0002733585088805,
            "min": 0.0002733585088805,
            "max": 0.0002988864003711999,
            "count": 24
        },
        "AIDriver.Policy.LearningRate.sum": {
            "value": 0.0002733585088805,
            "min": 0.0002733585088805,
            "max": 0.0002988864003711999,
            "count": 24
        },
        "AIDriver.Policy.Epsilon.mean": {
            "value": 0.1911195,
            "min": 0.1911195,
            "max": 0.19962880000000002,
            "count": 24
        },
        "AIDriver.Policy.Epsilon.sum": {
            "value": 0.1911195,
            "min": 0.1911195,
            "max": 0.19962880000000002,
            "count": 24
        },
        "AIDriver.Policy.Beta.mean": {
            "value": 0.005000000000000001,
            "min": 0.005000000000000001,
            "max": 0.005000000000000001,
            "count": 24
        },
        "AIDriver.Policy.Beta.sum": {
            "value": 0.005000000000000001,
            "min": 0.005000000000000001,
            "max": 0.005000000000000001,
            "count": 24
        },
        "AIDriver.Environment.EpisodeLength.mean": {
            "value": 3820.0,
            "min": 280.8,
            "max": 7999.0,
            "count": 32
        },
        "AIDriver.Environment.EpisodeLength.sum": {
            "value": 3820.0,
            "min": 2298.0,
            "max": 39995.0,
            "count": 32
        },
        "AIDriver.Environment.CumulativeReward.mean": {
            "value": 4.0,
            "min": 2.9375,
            "max": 5.0,
            "count": 32
        },
        "AIDriver.Environment.CumulativeReward.sum": {
            "value": 4.0,
            "min": 4.0,
            "max": 151.0,
            "count": 32
        },
        "AIDriver.Policy.ExtrinsicReward.mean": {
            "value": 4.0,
            "min": 2.9375,
            "max": 5.0,
            "count": 32
        },
        "AIDriver.Policy.ExtrinsicReward.sum": {
            "value": 4.0,
            "min": 4.0,
            "max": 151.0,
            "count": 32
        }
    },
    "metadata": {
        "timer_format_version": "0.1.0",
        "start_time_seconds": "1713284758",
        "python_version": "3.9.13 (tags/v3.9.13:6de2ca5, May 17 2022, 16:36:42) [MSC v.1929 64 bit (AMD64)]",
        "command_line_arguments": "C:\\Users\\o7\\Unity projects\\New folder\\Kansei\\venv\\Scripts\\mlagents-learn .\\config\\SimpleTrack.yaml --run-id=17",
        "mlagents_version": "0.30.0",
        "mlagents_envs_version": "0.30.0",
        "communication_protocol_version": "1.5.0",
        "pytorch_version": "2.0.1+cu118",
        "numpy_version": "1.21.2",
        "end_time_seconds": "1713285644"
    },
    "total": 885.4824439,
    "count": 1,
    "self": 10.006960900000081,
    "children": {
        "run_training.setup": {
            "total": 0.09706949999999992,
            "count": 1,
            "self": 0.09706949999999992
        },
        "TrainerController.start_learning": {
            "total": 875.3784135,
            "count": 1,
            "self": 1.797163400000386,
            "children": {
                "TrainerController._reset_env": {
                    "total": 2.757017,
                    "count": 1,
                    "self": 2.757017
                },
                "TrainerController.advance": {
                    "total": 870.7250507999995,
                    "count": 92567,
                    "self": 1.6572674999935089,
                    "children": {
                        "env_step": {
                            "total": 729.5300118000132,
                            "count": 92567,
                            "self": 548.7423218000146,
                            "children": {
                                "SubprocessEnvManager._take_step": {
                                    "total": 179.70855070001673,
                                    "count": 92568,
                                    "self": 5.351435100022769,
                                    "children": {
                                        "TorchPolicy.evaluate": {
                                            "total": 174.35711559999396,
                                            "count": 92568,
                                            "self": 174.35711559999396
                                        }
                                    }
                                },
                                "workers": {
                                    "total": 1.0791392999818745,
                                    "count": 92566,
                                    "self": 0.0,
                                    "children": {
                                        "worker_root": {
                                            "total": 854.8904888000174,
                                            "count": 92566,
                                            "is_parallel": true,
                                            "self": 411.6925677999969,
                                            "children": {
                                                "steps_from_proto": {
                                                    "total": 0.0009143999999992047,
                                                    "count": 2,
                                                    "is_parallel": true,
                                                    "self": 0.00021630000000216754,